<?xml version="1.0" encoding="UTF-8"?><job>
  <name>insert_new_offer_to_audience</name>
    <description/>
    <extended_description/>
    <job_version/>
    <job_status>0</job_status>
  <directory>/dev_rabo_sample</directory>
  <created_user>-</created_user>
  <created_date>2016/03/02 11:18:03.721</created_date>
  <modified_user>-</modified_user>
  <modified_date>2016/04/26 17:57:58.436</modified_date>
    <parameters>
    </parameters>
  <connection>
    <name>isd_dev_bank</name>
    <server>10.8.8.215</server>
    <type>ORACLE</type>
    <access>Native</access>
    <database>wodb</database>
    <port>1521</port>
    <username>dev_rabo</username>
    <password>Encrypted 2be98afc86aa7f2e4af1cb84fcc93add5</password>
    <servername/>
    <data_tablespace/>
    <index_tablespace/>
    <attributes>
      <attribute><code>FORCE_IDENTIFIERS_TO_LOWERCASE</code><attribute>N</attribute></attribute>
      <attribute><code>FORCE_IDENTIFIERS_TO_UPPERCASE</code><attribute>N</attribute></attribute>
      <attribute><code>IS_CLUSTERED</code><attribute>N</attribute></attribute>
      <attribute><code>PORT_NUMBER</code><attribute>1521</attribute></attribute>
      <attribute><code>PRESERVE_RESERVED_WORD_CASE</code><attribute>N</attribute></attribute>
      <attribute><code>QUOTE_ALL_FIELDS</code><attribute>N</attribute></attribute>
      <attribute><code>SUPPORTS_BOOLEAN_DATA_TYPE</code><attribute>Y</attribute></attribute>
      <attribute><code>SUPPORTS_TIMESTAMP_DATA_TYPE</code><attribute>N</attribute></attribute>
      <attribute><code>USE_POOLING</code><attribute>N</attribute></attribute>
    </attributes>
  </connection>
    <slaveservers>
    </slaveservers>
<job-log-table><connection/>
<schema/>
<table/>
<size_limit_lines/>
<interval/>
<timeout_days/>
<field><id>ID_JOB</id><enabled>Y</enabled><name>ID_JOB</name></field><field><id>CHANNEL_ID</id><enabled>Y</enabled><name>CHANNEL_ID</name></field><field><id>JOBNAME</id><enabled>Y</enabled><name>JOBNAME</name></field><field><id>STATUS</id><enabled>Y</enabled><name>STATUS</name></field><field><id>LINES_READ</id><enabled>Y</enabled><name>LINES_READ</name></field><field><id>LINES_WRITTEN</id><enabled>Y</enabled><name>LINES_WRITTEN</name></field><field><id>LINES_UPDATED</id><enabled>Y</enabled><name>LINES_UPDATED</name></field><field><id>LINES_INPUT</id><enabled>Y</enabled><name>LINES_INPUT</name></field><field><id>LINES_OUTPUT</id><enabled>Y</enabled><name>LINES_OUTPUT</name></field><field><id>LINES_REJECTED</id><enabled>Y</enabled><name>LINES_REJECTED</name></field><field><id>ERRORS</id><enabled>Y</enabled><name>ERRORS</name></field><field><id>STARTDATE</id><enabled>Y</enabled><name>STARTDATE</name></field><field><id>ENDDATE</id><enabled>Y</enabled><name>ENDDATE</name></field><field><id>LOGDATE</id><enabled>Y</enabled><name>LOGDATE</name></field><field><id>DEPDATE</id><enabled>Y</enabled><name>DEPDATE</name></field><field><id>REPLAYDATE</id><enabled>Y</enabled><name>REPLAYDATE</name></field><field><id>LOG_FIELD</id><enabled>Y</enabled><name>LOG_FIELD</name></field><field><id>EXECUTING_SERVER</id><enabled>N</enabled><name>EXECUTING_SERVER</name></field><field><id>EXECUTING_USER</id><enabled>N</enabled><name>EXECUTING_USER</name></field><field><id>START_JOB_ENTRY</id><enabled>N</enabled><name>START_JOB_ENTRY</name></field><field><id>CLIENT</id><enabled>N</enabled><name>CLIENT</name></field></job-log-table>
<jobentry-log-table><connection/>
<schema/>
<table/>
<timeout_days/>
<field><id>ID_BATCH</id><enabled>Y</enabled><name>ID_BATCH</name></field><field><id>CHANNEL_ID</id><enabled>Y</enabled><name>CHANNEL_ID</name></field><field><id>LOG_DATE</id><enabled>Y</enabled><name>LOG_DATE</name></field><field><id>JOBNAME</id><enabled>Y</enabled><name>TRANSNAME</name></field><field><id>JOBENTRYNAME</id><enabled>Y</enabled><name>STEPNAME</name></field><field><id>LINES_READ</id><enabled>Y</enabled><name>LINES_READ</name></field><field><id>LINES_WRITTEN</id><enabled>Y</enabled><name>LINES_WRITTEN</name></field><field><id>LINES_UPDATED</id><enabled>Y</enabled><name>LINES_UPDATED</name></field><field><id>LINES_INPUT</id><enabled>Y</enabled><name>LINES_INPUT</name></field><field><id>LINES_OUTPUT</id><enabled>Y</enabled><name>LINES_OUTPUT</name></field><field><id>LINES_REJECTED</id><enabled>Y</enabled><name>LINES_REJECTED</name></field><field><id>ERRORS</id><enabled>Y</enabled><name>ERRORS</name></field><field><id>RESULT</id><enabled>Y</enabled><name>RESULT</name></field><field><id>NR_RESULT_ROWS</id><enabled>Y</enabled><name>NR_RESULT_ROWS</name></field><field><id>NR_RESULT_FILES</id><enabled>Y</enabled><name>NR_RESULT_FILES</name></field><field><id>LOG_FIELD</id><enabled>N</enabled><name>LOG_FIELD</name></field><field><id>COPY_NR</id><enabled>N</enabled><name>COPY_NR</name></field></jobentry-log-table>
<channel-log-table><connection/>
<schema/>
<table/>
<timeout_days/>
<field><id>ID_BATCH</id><enabled>Y</enabled><name>ID_BATCH</name></field><field><id>CHANNEL_ID</id><enabled>Y</enabled><name>CHANNEL_ID</name></field><field><id>LOG_DATE</id><enabled>Y</enabled><name>LOG_DATE</name></field><field><id>LOGGING_OBJECT_TYPE</id><enabled>Y</enabled><name>LOGGING_OBJECT_TYPE</name></field><field><id>OBJECT_NAME</id><enabled>Y</enabled><name>OBJECT_NAME</name></field><field><id>OBJECT_COPY</id><enabled>Y</enabled><name>OBJECT_COPY</name></field><field><id>REPOSITORY_DIRECTORY</id><enabled>Y</enabled><name>REPOSITORY_DIRECTORY</name></field><field><id>FILENAME</id><enabled>Y</enabled><name>FILENAME</name></field><field><id>OBJECT_ID</id><enabled>Y</enabled><name>OBJECT_ID</name></field><field><id>OBJECT_REVISION</id><enabled>Y</enabled><name>OBJECT_REVISION</name></field><field><id>PARENT_CHANNEL_ID</id><enabled>Y</enabled><name>PARENT_CHANNEL_ID</name></field><field><id>ROOT_CHANNEL_ID</id><enabled>Y</enabled><name>ROOT_CHANNEL_ID</name></field></channel-log-table>
   <pass_batchid>N</pass_batchid>
   <shared_objects_file/>
  <entries>
    <entry>
      <name>insert_new_offer_to_audience</name>
      <description/>
      <type>TRANS</type>
      <specification_method>filename</specification_method>
      <trans_object_id/>
      <filename>C:\_pentaho_workspace\dev_rabo_sample\insert_new_offer_to_audience.ktr</filename>
      <transname/>
      <arg_from_previous>N</arg_from_previous>
      <params_from_previous>N</params_from_previous>
      <exec_per_row>N</exec_per_row>
      <clear_rows>N</clear_rows>
      <clear_files>N</clear_files>
      <set_logfile>N</set_logfile>
      <logfile/>
      <logext/>
      <add_date>N</add_date>
      <add_time>N</add_time>
      <loglevel>Basic</loglevel>
      <cluster>N</cluster>
      <slave_server_name/>
      <set_append_logfile>N</set_append_logfile>
      <wait_until_finished>Y</wait_until_finished>
      <follow_abort_remote>N</follow_abort_remote>
      <create_parent_folder>N</create_parent_folder>
      <logging_remote_work>N</logging_remote_work>
      <parameters>        <pass_all_parameters>Y</pass_all_parameters>
      </parameters>      <parallel>N</parallel>
      <draw>Y</draw>
      <nr>0</nr>
      <xloc>681</xloc>
      <yloc>214</yloc>
      </entry>
    <entry>
      <name>Success</name>
      <description/>
      <type>SUCCESS</type>
      <parallel>N</parallel>
      <draw>Y</draw>
      <nr>0</nr>
      <xloc>919</xloc>
      <yloc>212</yloc>
      </entry>
    <entry>
      <name>set_variables</name>
      <description/>
      <type>SET_VARIABLES</type>
      <replacevars>Y</replacevars>
      <filename></filename>
      <file_variable_type>CURRENT_JOB</file_variable_type>
      <fields>
        <field>
          <variable_name>offer_id</variable_name>
          <variable_value>001</variable_value>
          <variable_type>JVM</variable_type>
        </field>
        <field>
          <variable_name>offer_desc</variable_name>
          <variable_value>test offer 001</variable_value>
          <variable_type>JVM</variable_type>
        </field>
        <field>
          <variable_name>offer_start_date</variable_name>
          <variable_value>2016/03/04</variable_value>
          <variable_type>JVM</variable_type>
        </field>
        <field>
          <variable_name>offer_end_date</variable_name>
          <variable_value>2016/03/09</variable_value>
          <variable_type>JVM</variable_type>
        </field>
        <field>
          <variable_name>rules</variable_name>
          <variable_value>[{"key": "age","operator": "&gt;","value": "10"}, {"key": "gender","operator": "=","value": "F"}]</variable_value>
          <variable_type>JVM</variable_type>
        </field>
      </fields>
      <parallel>N</parallel>
      <draw>Y</draw>
      <nr>0</nr>
      <xloc>496</xloc>
      <yloc>213</yloc>
      </entry>
    <entry>
      <name>START</name>
      <description/>
      <type>SPECIAL</type>
      <start>Y</start>
      <dummy>N</dummy>
      <repeat>N</repeat>
      <schedulerType>0</schedulerType>
      <intervalSeconds>0</intervalSeconds>
      <intervalMinutes>60</intervalMinutes>
      <hour>12</hour>
      <minutes>0</minutes>
      <weekDay>1</weekDay>
      <DayOfMonth>1</DayOfMonth>
      <parallel>N</parallel>
      <draw>Y</draw>
      <nr>0</nr>
      <xloc>284</xloc>
      <yloc>214</yloc>
      </entry>
  </entries>
  <hops>
    <hop>
      <from>START</from>
      <to>Set variables</to>
      <from_nr>0</from_nr>
      <to_nr>0</to_nr>
      <enabled>Y</enabled>
      <evaluation>Y</evaluation>
      <unconditional>Y</unconditional>
    </hop>
    <hop>
      <from>Set variables</from>
      <to>insert_new_offer_to_audience</to>
      <from_nr>0</from_nr>
      <to_nr>0</to_nr>
      <enabled>Y</enabled>
      <evaluation>Y</evaluation>
      <unconditional>N</unconditional>
    </hop>
    <hop>
      <from>insert_new_offer_to_audience</from>
      <to>Success</to>
      <from_nr>0</from_nr>
      <to_nr>0</to_nr>
      <enabled>Y</enabled>
      <evaluation>Y</evaluation>
      <unconditional>N</unconditional>
    </hop>
  </hops>
  <notepads>
  </notepads>

</job>